{"cameraMode":{"drawMode":0,"name":"Shaded","section":"Shading Mode"},"sceneLighting":true,"audioPlay":false,"sceneViewState":{"m_AlwaysRefresh":false,"showFog":true,"showSkybox":true,"showFlares":true,"showImageEffects":true,"showParticleSystems":true,"showVisualEffectGraphs":true,"m_FxEnabled":true},"in2DMode":false,"pivot":{"x":3.919773578643799,"y":-43.218650817871097,"z":52.50968551635742},"rotation":{"x":0.38846540451049807,"y":0.03844872862100601,"z":-0.016190851107239724,"w":0.9205688238143921},"size":44.16532897949219,"orthographic":false}